rsid,gene,disease_id,risk_allele,risk_multiplier,population
rs1234567,CFTR,D005,T,15.0,European
rs334,HBB,D007,T,25.0,African
rs7903146,TCF7L2,D003,T,1.37,Global
rs1800629,TNF,D008,A,1.2,Global
rs2476601,PTPN22,D012,T,1.8,European
rs6910071,HLA-DRB1,D012,G,2.5,European
rs429358,APOE,D010,C,3.2,Global
rs7412,APOE,D010,C,1.5,Global
rs1801133,MTHFR,D004,T,1.15,Global
rs174537,FADS1,D013,G,1.1,East Asian
rs10757274,CDKN2B,D013,G,1.25,Global
rs1800562,HFE,D044,A,0.5,European
rs6025,F5,D045,A,3.0,European
rs1137101,LEPR,D003,G,1.2,Global
rs373863828,CREBRF,D003,A,1.4,Oceania
rs10830963,MTNR1B,D003,G,1.1,Global
rs1333049,CDKN2A,D013,C,1.3,Global
rs11206510,IL23R,D015,A,0.4,European
rs2241880,ATG16L1,D015,G,1.4,Global
rs1042713,ADRB2,D008,G,1.2,Global
rs1800497,DRD2,D026,T,1.25,Global
rs6265,BDNF,D010,A,1.15,Global
rs1801274,ADRB2,D008,C,1.2,Global
rs738409,PNPLA3,D066,G,2.0,Hispanic
rs11591147,PCSK9,D013,T,0.6,Global